,nombre_autor,username_autor,texto_tw,id_tw,id_autor,fecha_creacion,num_retw,num_contestacion,num_likes,num_menciones
0,The Bridge,TheBridge_Tech,"Esta es la historia de IsisğŸ¤— que decidiÃ³ hacer un cambio en su vida profesional haciendo el #bootcamp de #uxui. Ahora, compagina su trabajo con el de Teacher Assistant en @TheBridge_Tech. El camino es duro pero seguro darÃ¡ sus frutosğŸ‘©â€ğŸ’»Â¡Gracias Isis por compartir tu experiencia! https://t.co/1UHKZW0UxN",1526946552492789760,1162694149956603904,2022-05-18 15:23:22+00:00,0,0,0,0
1,The Bridge,TheBridge_Tech,Gracias @victorianoI y equipo por el anÃ¡lisis con @graphext de los datos en educaciÃ³n y tecnologÃ­a que vimos ayer en la primera charla de #letstalkabouteducation en @TheBridge_Tech y que pudimos debatir con @ikerarceseco Sin duda aprendimos mucho Â¡Volved cuando querÃ¡is! ğŸ§µHilo ğŸ“Š https://t.co/wZSVGve1sn https://t.co/bLxwCvBQN5,1526886949839065088,1162694149956603904,2022-05-18 11:26:31+00:00,0,0,0,0
2,Bcas,Bcasapp,"Â¿CÃ³mo combatir el paro juvenilğŸ¥µ? #tipdeldia En un paÃ­s con una tasa de paro rÃ©cord, hay que elegir bien dÃ³nde y quÃ© estudiar.

Si os querÃ©is especializar en el sector digital, os animamos a hacerlo con @TheBridge_Tech, que cuenta con un 92% de empleabilidad... Â¡Y CON BECA ğŸ‘‡! https://t.co/2OBZSnVk7r",1526842834741039105,1336771626306854912,2022-05-18 08:31:13+00:00,4,1,8,0
3,PeriÃ³dico PublicidAD,PdelaPublicidad,Los perfiles tecnolÃ³gicos mÃ¡s demandados en el futuro @TheBridge_Tech https://t.co/j93jBWSLij,1526479745185198080,114739070,2022-05-17 08:28:26+00:00,2,0,1,0
4,Amalio A. Rey,arey,La 2da presentaciÃ³n-coloquio del #LibroIC en #Madrid serÃ¡ el J26Mayo(18:30) en @TheBridge_Tech con TÃ­scar Lara (@tiscar) y Mario LÃ³pez de Ãvila (@nodosenlared)  +InformaciÃ³n e inscripciones: https://t.co/OVzv1SdR7x Â¡Â¡CompÃ¡rtelo!!,1526133158743359488,15993641,2022-05-16 09:31:13+00:00,4,0,4,0
5,Alberto Blanco,Alberto_Blanco,"Sin desmerecer el espectÃ¡culo del 28 de mayo en Paris, el 26 a las 18:30 en Madrid, @arey presenta su #libroIC en @TheBridge_Tech Entradas aquÃ­ https://t.co/4MM6HyxTrf",1525556372129169411,50588675,2022-05-14 19:19:17+00:00,0,0,1,0
6,graphext,graphext,"Next week our CEO @victorianoi will be at @Thebridge_tech with @ikerarceseco to discuss the education sector ğŸ“ from a data-driven perspective. Join us online or at Paseo de Recoletos, 15, Madrid, to debate the challenges and opportunities the sector facesğŸš€ https://t.co/Vfbji4VN4b",1525051913317801984,2907682397,2022-05-13 09:54:44+00:00,0,0,2,0
7,Alberto Pedrero,apedreroes,@TheBridge_Tech @ikerarceseco @victorianoi @graphext Hola @TheBridge_Tech. Â¿Por quÃ© es obligatorio dar el nÃºmero de telÃ©fono para un evento que es en lÃ­nea?,1525047381234003968,577561266,2022-05-13 09:36:44+00:00,0,0,0,0
8,Amalio A. Rey,arey,La 2da presentaciÃ³n del #LibroIC en #Madrid serÃ¡ el J26Mayo(18:30) en @TheBridge_Tech acompaÃ±ados por  TÃ­scar Lara (@tiscar) y Mario LÃ³pez de Ãvila (@nodosenlared) sobre impacto de la #IC en el diseÃ±o y gestiÃ³n de las organizaciones. +Info/inscripciones: https://t.co/OVzv1SdR7x,1522114536286920704,15993641,2022-05-05 07:22:39+00:00,2,0,4,0
9,Generation Spain,spaingeneration,"Â¡Gracias a todos por el dÃ­a de hoy! ğŸ˜ğŸ˜

De la mano de: @AccentureSpain , Bonus Studios, @Making_Science_ @SomosMiogroup , Silicon HR , y @TheBridge_Tech hemos podido acercar el futuro talento digital hacia el mundo laboral ğŸ” ğŸ” 

#talent #empresas #marketing #BeGeneration https://t.co/wLbzhtXb94",1519712433740386308,2979740235,2022-04-28 16:17:33+00:00,0,0,1,0
10,Jose Maria Torralba,JM_Torralba_,En breve empezamos la charla sobre RV y PsicologÃ­a! Todo ready! @TheBridge_Tech https://t.co/lW3fvKhcGZ,1519706866703638529,3294953441,2022-04-28 15:55:26+00:00,1,0,15,0
11,Jose Maria Torralba,JM_Torralba_,MaÃ±ana estarÃ© junto a @LucaMefisto en una mesa redonda en @TheBridge_Tech donde hablaremos de la relaciÃ³n que hay entre #psicologia y la #realidadvirtual. Pinta interesante!!â€¦ https://t.co/FXt3Zdj7Uh,1519432213061943303,3294953441,2022-04-27 21:44:03+00:00,1,0,6,0
12,Berta Otero,bertinha84,"Acabo de escuchar la charla de @kairos_ds en @TheBridge_Tech. Ahora que todo lo que tengo que aprender me abruma. Escuchar que si llego a la meta, me esperarÃ¡ una empresa asÃ­ (ojalÃ¡), un equipo en el que se respire ese buen rollo y amor por el trabajo, me da fuerza para pelear",1519359124219338752,604485175,2022-04-27 16:53:38+00:00,0,0,8,0
13,GabiÃ±a,gabinha,@pmdr_1189 @TheBridge_Tech Lamentablemente,1519338659111178242,53089020,2022-04-27 15:32:18+00:00,0,0,1,0
14,Irene M Morgado ğŸŒ¿,IrnMM,"Esto es hoy! 
Nos vemos en @TheBridge_Tech con @quierodata para hablar de crecimiento dentro de @kairos_ds ğŸ§¡ https://t.co/miTZChXSwJ",1519225678335459328,431035304,2022-04-27 08:03:22+00:00,1,0,5,0
15,KairÃ³s DS,kairos_ds,"Nuestra Head de Data &amp; IA @quierodata, estarÃ¡ maÃ±ana en las oficinas de @TheBridge_Tech, para hablar de las oportunidades de crecimiento profesional dentro de KairÃ³s DS.ğŸ¤© 

@IrnMM la acompaÃ±arÃ¡ resolviendo cualquier duda sobre KairÃ³s DSâ€¦ 

Â¿Te veremos allÃ­?ğŸ§¡

#OrgulloKairÃ³s https://t.co/0hUC9XkPxF",1518967719516909568,4295874994,2022-04-26 14:58:20+00:00,5,0,7,1
16,RubÃ©n Berrocal,BerrocalRuben,"Los compaÃ±eros de @TheBridge_Tech nos hablan de #softskills en IT, en #devspega junto a @flyncercom 
El valor diferencial de todo profesional. https://t.co/0On5h6N9hR",1518963397701906433,535255114,2022-04-26 14:41:09+00:00,0,0,0,0
17,COGITI Valencia,COGITIValencia,"#ESTAPASANDO Talento y competencias digitales #SP22
InÃ©s Garcia @TheBridge_Tech
Enric Montesa @COEV_COM
Leticia Gonzalvez Directora marketing @sesamehr_
La competencia digital demandada en las empresas no son las bÃ¡sicas que todos tenemos. https://t.co/orPM5iTbPE",1518910838987501570,1978768458,2022-04-26 11:12:18+00:00,0,1,3,0
18,BURN EspaÃ±a ğŸ”¥,burn_es,Tenemos que decir que el BURN Mondays de ayer con @TheBridge_Tech fue muy top! ğŸ”â€‹â¤ï¸â€ğŸ”¥,1518909298688077825,227327854,2022-04-26 11:06:11+00:00,1,1,3,0
19,The Bridge,TheBridge_Tech,"Este jueves Job Market Place en @TheBridge_Tech con @spaingeneration La feria de empleo con el mejor talento de #marketingdigital @AccentureSpain, @Siliconhr1, ... participarÃ¡n en busca del mejor talento. Si eres empresa y quieres participar ğŸ‘‰https://t.co/0n4iufzfmi https://t.co/A51YStbfjF",1518607234976161792,1162694149956603904,2022-04-25 15:05:53+00:00,0,0,0,0
20,Mujeres a Seguir,MujeresaSeguir,Mercedes Mac Pherson @Globant : 'Hay un desconocimiento grande del poder de transformaciÃ³n de la tecnologÃ­a' #mujerytecnologÃ­a @TheBridge_Tech https://t.co/OFDlmziC1y,1517423870483042304,734674933217931265,2022-04-22 08:43:37+00:00,0,0,2,0
21,Mujeres a Seguir,MujeresaSeguir,Sara GÃ³mez @RainG 'La sociedad no sabe lo que hacemos los ingenieros y los tecnÃ³logos' #mujerytecnologÃ­a @TheBridge_Tech @Globant https://t.co/lYFyIZuW3J,1517421295373271041,734674933217931265,2022-04-22 08:33:23+00:00,1,0,5,0
22,Mujeres a Seguir,MujeresaSeguir,Comienza nuestra segunda mesa 'CÃ³mo construir un futuro que nos representa'. AquÃ­ te dejamos el enlace para seguirnos en streaming https://t.co/ABQkBBLKmT #mujerytecnologÃ­a @Globant @TheBridge_Tech https://t.co/kApsKZ04SD,1517420242120683520,734674933217931265,2022-04-22 08:29:12+00:00,0,0,2,0
23,Mujeres a Seguir,MujeresaSeguir,"Carmen Artigas, secretaria de Estado de DigitalizaciÃ³n e Inteligencia Artificial de Asuntos EconÃ³micos y TransformaciÃ³n Digital: 'Es nuestro momento. El momento de las mujeres' #mujerytecnologÃ­a @Globant @TheBridge_Tech https://t.co/gLjyCQPBRH",1517419666938998784,734674933217931265,2022-04-22 08:26:55+00:00,3,0,5,0
24,Mujeres a Seguir,MujeresaSeguir,"'Nunca se progresa desde el miedo. Hay que arriesgarse disfrutando', Irene Cano @Meta #mujerytecnologÃ­a @TheBridge_Tech @Globant https://t.co/yaoUnWJIs6",1517418437777240065,734674933217931265,2022-04-22 08:22:02+00:00,1,0,4,0
25,Mujeres a Seguir,MujeresaSeguir,"'Hay que tener una apertura de mente en los modelos educativos' MarÃ­a Rotondo @Telefonica 
AquÃ­ te dejamos el enlace para seguirnos en streaming https://t.co/ABQkBBLKmT #mujerytecnologÃ­a @Globant @TheBridge_Tech https://t.co/dB8tF3prJv",1517417898133884928,734674933217931265,2022-04-22 08:19:53+00:00,0,0,2,0
26,Mujeres a Seguir,MujeresaSeguir,"A dÃ­a de hoy, el 41 % de las  investigaciones pÃºblicas las hacen mujeres. Descubre mÃ¡s datos en numerosas jornada @TheBridge_Tech #mujerytecnologÃ­a 
https://t.co/bNRyoB4h6y https://t.co/ZBQ4299zQW",1517409914792075264,734674933217931265,2022-04-22 07:48:10+00:00,0,0,0,0
27,capgemini_es,Capgemini_ES,@MujeresaSeguir @Globant @TheBridge_Tech QuÃ© gran panel!,1517396691443490816,15942584,2022-04-22 06:55:37+00:00,0,0,0,0
28,The Bridge,TheBridge_Tech,"Â¿Unimos #psicologÃ­a, diseÃ±o #uxui y #realidadvirtual? La respuesta: SÃ! Te invitamos a la mesa redonda del 28 de abril en @TheBridge_Tech donde trataremos el diseÃ±o ux desde el punto de vista del tratamiento de las fobias a travÃ©s de la #vr. Entradas ğŸ‘‰https://t.co/JGOpD7p2rO",1517147713254526978,1162694149956603904,2022-04-21 14:26:16+00:00,0,0,0,1
29,Gemma R.B.,GemmaRBar,@MujeresaSeguir @Globant @TheBridge_Tech Apuntado en la agenda ğŸ‘Œ,1517121644682256385,1360217897008791554,2022-04-21 12:42:41+00:00,0,0,0,0
30,ITEP FormaciÃ³n,itep_es,"ğŸ“¢Como ya sabÃ©is, antes de #SemanaSanta, nuestro alumnado de la #FPinformÃ¡ticağŸ’» visitaron @TheBridge_Tech. Gracias a su trato hacia #ITEPğŸ”µ y su colaboraciÃ³n os ofrecemos nuevas imÃ¡genes de esa actividadâ€¼ï¸ En ellas queda patente el interÃ©s de la cita ğŸ‘ŒğŸ» https://t.co/nt0LFYitDB",1517103356346617856,220072811,2022-04-21 11:30:01+00:00,1,0,4,1
31,MaÃ¯ R. Entem ğŸ‘©â€ğŸ’»ğŸ‡ªğŸ‡¦ğŸ‡¨ğŸ‡µğŸ‡ªğŸ‡ºğŸ‡¸ğŸ‡¬ğŸŒğŸš£â€â™€ï¸,mrentem,@TheBridge_Tech Otro de los placeres de haber pasado unos meses en esas aulas!! ğŸ˜‰ğŸ‘©ğŸ»â€ğŸ’»,1516740060346929153,91124440,2022-04-20 11:26:24+00:00,0,0,1,0
32,Alice Silver ğŸ³ï¸â€ğŸŒˆ,alicesilverpol,"Actualmente acoge las oficinas de The Bridge, una aceleradora de talento digital
ğŸ“· @TheBridge_Tech https://t.co/xgWzxnqdOI",1516642121729679362,67597387,2022-04-20 04:57:14+00:00,0,1,8,0
33,JM,jmnavarro,@bertinha84 @TheBridge_Tech ğŸ‘ğŸ»ğŸ‘ğŸ»ğŸ‘ğŸ»  ğŸ™ŒğŸ»,1516505700595388430,16512007,2022-04-19 19:55:08+00:00,0,0,1,0
34,Berta Otero,bertinha84,@AndreaMaganRey @TheBridge_Tech https://t.co/fpGUkYnGX4,1516070347854028804,604485175,2022-04-18 15:05:12+00:00,0,0,1,0
35,Andrea,AndreaMaganRey,@bertinha84 @TheBridge_Tech A por ello @bertinha84 https://t.co/tz445Lv3mV,1516067228344533003,397537147,2022-04-18 14:52:49+00:00,0,1,1,0
36,Berta Otero,bertinha84,@alinnfm @TheBridge_Tech https://t.co/0IWmJ42wab,1516048336477995008,604485175,2022-04-18 13:37:44+00:00,0,0,0,0
37,ali,alinnfm,"@bertinha84 @TheBridge_Tech Â¡Â¡Que emociÃ³n!! ğŸ¤—
Todo lo bueno del mundo para ti en esta etapa ğŸ†",1516044530348347394,3063927221,2022-04-18 13:22:37+00:00,0,1,1,0
38,The Bridge,TheBridge_Tech,@bertinha84 Ese nudo es presagio de algo bueno ğŸ˜†Â¡Bienvenida a @TheBridge_Tech ! Muchas horas de #UXUI te esperan ğŸ™Œ Â¡sin miedo!,1515970019733258247,1162694149956603904,2022-04-18 08:26:32+00:00,0,0,1,0
39,Berta Otero,bertinha84,"@marcosDLCS @TheBridge_Tech Lo harÃ©, gracias Marcos ğŸ™‚",1515945939508375556,604485175,2022-04-18 06:50:51+00:00,0,0,0,0
40,Marcos de la Calle,marcosDLCS,"@bertinha84 @TheBridge_Tech Mucha suerte en la nueva aventura.

Â¡No olvides compartir tu camino y tus experiencias! 

Seguro que son de utilidad para la comunidad.

ğŸ’ª",1515944204127645701,147003255,2022-04-18 06:43:57+00:00,0,1,1,0
41,Berta Otero,bertinha84,Hoy empiezo en un ratito mi camino en el Ux/ui de la mano de @TheBridge_Tech en su bootcamp. Tengo un nudo enorme en el estÃ³mago y todas las ganas de aprender. A por todas voy!,1515933948001632256,604485175,2022-04-18 06:03:12+00:00,1,5,6,1
42,Adalab,Adalab_Digital,"@manufosela @4GeeksAcademyES @CodenotchMAD @socratech_ @TheBridge_Tech @ITAcademy @nebulova_es ğŸ Felicidades a todos lxs participantes y menciÃ³n especial a esa selecciÃ³n de programadores/as que va a tener la oportunidad de ""mejorar su conducciÃ³n"" gracias a esta iniciativa de @kairos_ds 
ğŸ™ğŸ» Darte/daros las gracias por apostar siempre por el #TalentoJunior y la #Diversidad.",1514204427019767808,761153947990097920,2022-04-13 11:30:42+00:00,0,0,4,0
43,Codenotch,CodenotchMAD,"@manufosela @Adalab_Digital @4GeeksAcademyES @socratech_ @TheBridge_Tech @ITAcademy @nebulova_es Muy orgullosos de nuestros Top Notch CodersğŸš€
Mucho Ã¡nimo a esa 6Âª #GeneracionK  de 
@kairos_ds con todo lo nuevoğŸ‘",1513867656180477953,1026530062923968513,2022-04-12 13:12:30+00:00,0,0,0,0
44,MÃ¡nu Fosela,manufosela,"De los 21, hay 7 desarrolladoras de @Adalab_Digital, 4 de @4GeeksAcademyES, 2 de @CodenotchMAD, 1 de @socratech_ , 1 de @TheBridge_Tech, 1 de @ITAcademy, 1 de @nebulova_es y de FP-DAW y autodidactas.",1513848281801056258,1609031,2022-04-12 11:55:30+00:00,3,3,12,0
45,BURN EspaÃ±a ğŸ”¥,burn_es,"Nos han contado que en @TheBridge_Tech se lo curran mucho... Hemos colado algÃºn que otro BURN, Â¿os viene bien una ayudita de energÃ­a? ğŸ”‹ğŸ”¥",1512007299187027971,227327854,2022-04-07 10:00:06+00:00,1,1,6,0
46,Bea Jimenez,beajmnz,@TheBridge_Tech Â¡A vuestra disposiciÃ³n! Â¡Muchas gracias!,1511633207061630980,127000294,2022-04-06 09:13:36+00:00,0,0,0,0
47,RaÃºl Cotrina,raulcotrina,@assemblerinstit @TheBridge_Tech @CraftCodeTech @CodeHouseLearn @CodenotchMAD @NeolandStudio @Adalab_Digital @IEuniversity @lemoncoders @codeworks @geeks_academy @penascalf5 Hola. Lo tenemos en formato Json en Git. https://t.co/x2dnE2VFAB PodÃ©is hacer un PR ;),1511329612260950019,41110484,2022-04-05 13:07:13+00:00,0,0,3,0
48,Assembler Institute of Technology,assemblerinstit,"@raulcotrina @TheBridge_Tech @CraftCodeTech @CodeHouseLearn @CodenotchMAD @NeolandStudio @Adalab_Digital @IEuniversity @lemoncoders @codeworks @geeks_academy @penascalf5 Muy buenas RaÃºl, nos parece una idea increÃ­ble. Â¿Me dices donde te pasamos la informaciÃ³n de los cursos que tenemos actualmente?",1511328611755827200,1102950803843751936,2022-04-05 13:03:14+00:00,0,1,0,0
49,RaÃºl Cotrina,raulcotrina,CC @TheBridge_Tech @CraftCodeTech @CodeHouseLearn @CodenotchMAD @NeolandStudio @assemblerinstit @Adalab_Digital @IEuniversity @lemoncoders @codeworks @geeks_academy @penascalf5,1511247995794251786,41110484,2022-04-05 07:42:54+00:00,1,2,2,0
50,TheFringe/LABS,TheFringeLABS,Hemos colaborado con @TheBridge_Tech aportando el proyecto final de los alumnos para el DesafÃ­o de Tripulaciones y premiando a los 3 grupos con una donaciÃ³n para la ONG de su elecciÃ³n. IncreÃ­bles resultados en tiempo rÃ©cordğŸ¤© #apoyamoseltalentotech https://t.co/vJ5HdV6gSN https://t.co/LpSUpFtdfp,1509126320386715655,1402182570314539009,2022-03-30 11:12:07+00:00,1,0,4,0
51,vocentoEventos,vocentoeventos,"Seguimos con la 2mesa #ForoVocentoEducaciÃ³n: FormaciÃ³n para el futuro y las nuevas profesionales que vienen. Participan:
â–ªï¸ @JuanJoseJuarez @FBertelsmann
â–ªï¸ @mortizcotro @FundCreate
â–ªï¸ Iker Arce @TheBridge_Tech
â–ªï¸ Gabriel Masfurroll @UABBarcelona
ğŸ”´DIRECTO https://t.co/8xxFlqVpCP https://t.co/3qAkFVQ9bs",1509101924699803650,1197839987867373568,2022-03-30 09:35:11+00:00,2,0,8,1
52,Kreab EspaÃ±a,KreabEspana,"Nuestro Partner @asanjoseperez modera el segundo coloquio sobre la importancia de la formaciÃ³n para el futuro y las nuevas profesiones. Expertos de la @UABBarcelona, @e_bertelsmann, @FundCreate, @TheBridge_Tech dan su visiÃ³n sobre la formaciÃ³n profesional #ForoVocentoEducaciÃ³n https://t.co/mPMT0mlkWU",1509100185493950470,491498207,2022-03-30 09:28:16+00:00,3,1,7,0
53,vocentoEventos,vocentoeventos,"2âƒ£ FORMACIÃ“N PARA EL FUTURO Y LAS NUEVAS PROFESIONES QUE VIENEN
â–ªï¸ @JuanJoseJuarez (@FBertelsmann)
â–ªï¸ @mortizcotro (@FundCreate)
â–ªï¸ Iker Arce (@TheBridge_Tech)
â–ªï¸ Gabriel Masfurroll (@UABBarcelona)
Modera: Antonio San JosÃ© (@asanjoseperez) (@KreabEspana) 
#ForoVocentoEducaciÃ³n https://t.co/kMY2q5gEZE",1508843117000249345,1197839987867373568,2022-03-29 16:26:46+00:00,1,1,3,0
54,Mario Lopez de Avila,nodosenlared,"Jaime, estoy seguro de que en @TheBridge_Tech , la aceleradora de talento digital lÃ­der en nuestro paÃ­s, estarÃ­an encantados de ayudarte en la organizaciÃ³n de ese Hackhaton. Al menos yo lo estoy ğŸ˜‰ https://t.co/60ybQN84qk",1507711509467734019,41545659,2022-03-26 13:30:10+00:00,2,0,6,0
55,Escuela de Negocios,ENCamaraSevilla,"La @camaradesevilla organiza junto al Grupo Planeta y su presidente JosÃ© Lara, este encuentro con las empresas #ClubCÃ¡mara para recoger las necesidades del #SectorTecnolÃ³gico y presentar nuestra oferta de #Bootcamps de la mano de @TheBridge_Tech https://t.co/rJkWd5MKT8 https://t.co/J6SHTHXylM",1507059034146361344,163586106,2022-03-24 18:17:28+00:00,4,0,7,0
56,Course Report,CourseReport,"ğŸ‰ Congrats to @simplilearn, @TheBridge_Tech, @thinkful, and @udacity who made it on our list of the 14 Best Digital Marketing Bootcamps of 2022! https://t.co/tgUf4qX2DX https://t.co/MIhFTrM9lA",1504525515247472649,1941897590,2022-03-17 18:30:10+00:00,0,0,0,0
57,Carlos L. Guardiola,carlosguardiola,"En 2021, las instituciones que forman profesionales digitales con modelos de Bootcamp prepararon a mÃ¡s personas que el 94% de las universidades espaÃ±olas @Adalab_Digital @TheBridge_Tech @ironhack https://t.co/zyzeLrNdLo",1504380116792664064,209496112,2022-03-17 08:52:24+00:00,0,1,5,0
58,Course Report,CourseReport,"ğŸ” We've combed through student &amp; alumni reviews to find the 17 Best Cyber Security Bootcamps of 2022, including @Level_Effect, @nexgent, @simplilearn, @Springboard, and @TheBridge_Tech! 
https://t.co/t9VCetS80T https://t.co/uhS3m8KSBT",1503808574987935757,1941897590,2022-03-15 19:01:18+00:00,2,0,3,0
59,Pep Iberico,soyelsimo,@PICKYUAN @TheBridge_Tech @PagePersonnel Yo por experiencia te dirÃ­a que busques otra escuela. Cuando las cosas funcionan bien todo muy bonito ahora cuando noâ€¦ no hacen nada y te dicen que esto es lo que hay ğŸ˜…ğŸ¤¦â€â™‚ï¸,1503513313648463877,295720842,2022-03-14 23:28:02+00:00,0,0,0,0
60,The Bridge,TheBridge_Tech,Â¡Muy contentos por todos ellos! 100% empleabilidad en la promociÃ³n de junio. Gracias desde @TheBridge_Tech por confiar y ponerlo todo tan fÃ¡cil Â¡Felicidades! #fullstackdevelopers #datascientists #digitalmarketers #uxuidesigners #cybersecurityanalysts ğŸ¯ğŸ’¼ https://t.co/R0eGi9QXv5,1503409219789328384,1162694149956603904,2022-03-14 16:34:24+00:00,1,0,3,0
61,The Bridge,TheBridge_Tech,Â¡El #bootcamp de #Ciberseguridad de @TheBridge_Tech vuelve a estar entre los mejores bootcamps del mundo! Y este aÃ±o tambiÃ©n nos estrenamos con el de #DigitalMarketingOps que entra por primera vez en la lista de #CourseReport! Una sÃºper noticiağŸ‘ğŸ‘Â¡Gracias a todos! #bestbootcamps https://t.co/3xShvybDST,1501530641610989581,1162694149956603904,2022-03-09 12:09:36+00:00,2,1,2,0
62,Pablo Oliete,pablooliete,"DÃ­a para agradecer a @TheBridge_Tech y @Glovo_ES la oportunidad que han dado a estos dos cracks para formarse con @codeorg en programaciÃ³n por bloques en un curso de 48 horas de duraciÃ³n.
Bravo ğŸ™Œ 
ğŸ”ğŸ¦¸ğŸ»â€â™‚ï¸ğŸ¦¸ğŸ»â€â™€ï¸ğŸ­ğŸ‡ªğŸ‡¸ https://t.co/ZTCrroHQTc",1500124541137428490,363153431,2022-03-05 15:02:16+00:00,0,0,13,0
63,@Poderyliderazgo.cl,Poder_Liderazgo,[OpiniÃ³n] Por mÃ¡s mujeres lÃ­deres en tecnologÃ­a https://t.co/FqVeFL1ljq https://t.co/SFOFIEv1Uo @TheBridge_Tech https://t.co/kBo9xGdGrU,1499397980704546831,742380996688023552,2022-03-03 14:55:10+00:00,0,0,0,0
64,@Poderyliderazgo.cl,Poder_Liderazgo,[OpiniÃ³n] Por mÃ¡s mujeres lÃ­deres en tecnologÃ­a - https://t.co/FqVeFL1ljq @TheBridge_Tech https://t.co/TE5sXsBaAT,1499397820410851332,742380996688023552,2022-03-03 14:54:32+00:00,0,0,0,0
65,PICKY,PICKYUAN,"@TheBridge_Tech @PagePersonnel Mi hijo y yo nos apuntamos con muchos dÃ­as de antelaciÃ³n
Hoy a las 7 nos conectamos y aparece el mensaje ""Enlace caducado"": no nos hemos podido conectar
Es una pena que, ademÃ¡s de tener que recurrir a lo on-line, con la frialdad que supone, ocurran estos fallos tÃ©cnicos
Muy mal",1499088433293185033,414032513,2022-03-02 18:25:08+00:00,0,2,0,0
66,MyNews,MyNews_es,"Toma contacto con el #marketingdigital de la mano de @TheBridge_Tech. Aprende a usar el contenido, el email, las redes sociales y la publicidad digital en este taller impartido por @jpereznavarreteğŸ“

ğŸ“…Jueves 3 de marzo, 18-19h (online)

#EventoDeLaSemana  #masterclass #MyNews",1498249085337444355,91372157,2022-02-28 10:49:52+00:00,0,1,2,0
67,Zeus,insidezeusdata,"Nuestro PMO @vicencf da una clase a los alumnos de @TheBridge_Tech  en nuestras instalaciones ğŸš€

#bigdata #data #education https://t.co/jiskmovU0m",1497198545333624832,763323065199628288,2022-02-25 13:15:24+00:00,1,0,4,1
68,Michael Page EspaÃ±a,michaelpage_es,"Hace unos dÃ­as, nuestras compaÃ±eras InÃ©s Bdiri y Alba Calvo estuvieron en la Aceleradora de Talento digital @TheBridge_Tech para contar a sus alumnos las ""best practices"" en la bÃºsqueda de empleo y Â¡fue un Ã©xito! ğŸ‘

Â¡Gracias a todos los asistentes!ğŸ™Œ https://t.co/JLvRI7z6Ti",1496865773582696449,198936952,2022-02-24 15:13:05+00:00,0,0,0,1
69,Mar Lopez,marobserva,@EduvigisOrtiz @TheBridge_Tech @rdiazmoles @dankominsky @juliapereav @AnaAyerbe @EvusRoman @maicaag @SGarBecares @peritecno @Maitenas @Women4Cyber @iagorguezgarcia @tima_soni @unicc_ict Seguimos haciendo equipo!!!,1496571973979234311,308530390,2022-02-23 19:45:38+00:00,1,0,6,0
70,FundaciÃ³n Universia,FUniversia,"ğŸ“¢Â¡Ãšltima semana!
AÃºn puedes solicitar una de las becas que otorgamos junto a @IndraCompany para la realizaciÃ³n de un #bootcamp de Desarrollo Web Full-stack en @TheBridge_Tech ğŸ’»

ğŸ’»10 #becas dirigidas a personas con #discapacidad con formaciones #STEM ğŸ“² https://t.co/ubL3Gyg3Gl https://t.co/yHUvz4zCXG",1496021941483802630,589903453,2022-02-22 07:20:00+00:00,1,0,6,0
71,Pep Iberico,soyelsimo,Yo he caÃ­do en el bootcamp de Data science de @TheBridge_Tech en madrid. Si valor agregado consiste en presionarte para que aprendas por tu cuenta. Si no aprendes es tÃº culpa porque su mÃ©todo es muy sÃ³lido. Aunque se queje el 50% de la clase. https://t.co/g892EydfYy,1495055146769915908,295720842,2022-02-19 15:18:18+00:00,1,0,0,0
72,Indra,IndraCompany,Â¿AÃºn no has solicitado tu beca para el #bootcamp de Desarrollo Web Full-stack en @TheBridge_Tech? Si tienes #discapacidad y una formaciÃ³n universitaria #STEM puedes recibir una de las 10 becas de @IndraCompany y @FUniversia ğŸ“²Â¡InscrÃ­bete ya! https://t.co/wYjp06QE9c https://t.co/bLDY1DVOKa,1494627201794428930,73355170,2022-02-18 10:57:48+00:00,5,0,8,0
73,Eduvigis Ortiz,EduvigisOrtiz,Muy #agradecida del gran #trabajo en #equipo para lanzar nuestro #W4C #mentoring #cybersecurity @TheBridge_Tech @rdiazmoles @marobserva @dankominsky @juliapereav @AnaAyerbe @EvusRoman @maicaag @SGarBecares @peritecno @Maitenas @Women4Cyber @iagorguezgarcia @tima_soni @unicc_ict https://t.co/KNdkUEp3sf,1493902011242274825,2819387949,2022-02-16 10:56:09+00:00,9,1,13,0
74,Women4Cyber_Spain,Women4Cyber_SP,Presentando nuestra 2Âª ediciÃ³n del Programa de Mentoring de forma presencial en @TheBridge_Tech. Encantadas con la asistencia y el apoyo de nuestros mentores y mentees ğŸ™‚ğŸ™‚ Muchas gracias!! #womenincyber #W4C https://t.co/JcPYHB5Aze,1493639257587601413,1319233294198857728,2022-02-15 17:32:04+00:00,1,0,8,0
75,AI_Bot,AIBot_CdH,@peritecno @jcgalindo_ @Women4Cyber_SP @TheBridge_Tech @bbva @sanitas @unicc_ict @EduvigisOrtiz @tima_soni QuÃ© pena no poder asistir de manera presencial y poder conocer al resto de mentores y mentees,1492946377290178564,1319221643634495489,2022-02-13 19:38:48+00:00,0,0,2,0
76,periciatecnologica,peritecno,"@peritecno colabora en el evento ğŸ”""Inicio Programa #Mentoring 2022"" del ğŸ“… 15 de febrero a las 18:15 h organizado por @Women4Cyber_SP, en modalidad mixta: ğŸ™‹â€â™€ï¸â€en @TheBridge_Tech y ğŸ’»en LinkedIn Live
â•info: https://t.co/UL9tbO30fC
#periciatecnologica #JuntosSomosMas #PETEC https://t.co/r2m28EFIdq",1492927405413089281,981508377942659073,2022-02-13 18:23:25+00:00,4,1,7,0
77,Miriam Sanchez,soyuxpuntocom,@uxbs_podcast El bootcamp de @TheBridge_Tech,1492557029046632448,1488306026025783301,2022-02-12 17:51:40+00:00,1,0,4,0
78,TheFringe/LABS,TheFringeLABS,Â¡Feliz martes porque podemos anunciar que los Proptech Thursdays aterrizan en Madrid el 3 de marzo! ğŸ‰Hemos creado estos eventos mensuales con la colaboraciÃ³n de @apicatalunya  y @TheBridge_Tech  y podÃ©is reservar vuestras entradas en este enlace: https://t.co/cHFFfDUA9Z,1490999359579643909,1402182570314539009,2022-02-08 10:42:03+00:00,0,1,2,1
79,FundaciÃ³n Universia,FUniversia,"AÃºn puedes solicitar una de las becas que otorgamos junto a @IndraCompany para la realizaciÃ³n de un #bootcamp de Desarrollo Web Full-stack en @TheBridge_Tech ğŸ’»

Son 10 #becas dirigidas a personas con #discapacidad con formaciones #STEM ğŸ“² https://t.co/ubL3GyycUt https://t.co/KAzkvXPFkY",1490973768667512835,589903453,2022-02-08 09:00:22+00:00,0,0,3,0
80,Antonio LÃ³pez,antoniolopezg,"Muchas ganas de hablar este martes con alumnos de @TheBridge_Tech acerca de como hacemos #DataScience #MachineLearning en Decathlon
https://t.co/asAw5W6uht https://t.co/4HOtEnbx7P",1490430578633674756,124512688,2022-02-06 21:01:55+00:00,0,0,1,0
81,Zoom Tecnologico,zoomtecnochile,AutomatizaciÃ³n y el Covid-19 en el horizonte del nuevo trabajador https://t.co/aA3d4D199h #TalentoProfesional #TheBridge #Automatizacion @thebridge_tech,1489249806249644040,720372640192405504,2022-02-03 14:49:57+00:00,0,0,1,0
82,CÃ¡mara de Comercio de Sevilla,camaradesevilla,"ğŸ”¥ Â¡Impulsa tu carrera profesional con los nuevos #BootCamps de la @encamarasevilla!

âœ…Participa en el #OpenDay de los BootcampsğŸš€ de Data Science y Desarrollo Web Full Stack con @TheBridge_Tech.

MÃ¡s informaciÃ³n en â¤µ

https://t.co/CspTlfsJR8 https://t.co/ModB2H17pc",1488552725113618439,106344840,2022-02-01 16:40:00+00:00,2,0,2,0
83,Indra,IndraCompany,"AÃºn puedes solicitar una de las becas que otorgamos junto a @FUniversia para la realizaciÃ³n de un #bootcamp de Desarrollo Web Full-stack en @TheBridge_Tech ğŸ’»
Son 10 #becas dirigidas a personas con #discapacidad con formaciones #STEM ğŸ“² https://t.co/wYjp06QE9c https://t.co/OYCENTaRMr",1488167222979801095,73355170,2022-01-31 15:08:09+00:00,2,0,6,0
84,Pumuckey,pumuckey,"@kenia913 @_JorgeSLL_ @ChemaCorbacho @InesSainzOf @CHANCE_es @TheBridge_Tech No es asÃ­. Hay una carrera universitaria llamada Ciencia de Datos y tambiÃ©n postgrados, pero lo que ha hecho ella es un curso de 15 semanas que no require tener estudios previos, el Ãºnico requisito haber cumplido 18 aÃ±osâ€¦ 15 semanas de curso y se autodefine como â€œCientÃ­ficaâ€ ğŸ¤¦ğŸ»â€â™€ï¸",1486618465909854214,1961523644,2022-01-27 08:33:56+00:00,0,0,0,0
85,Valor Compartido,SoyValor,"ğŸ‘ @FUniversia, @IndraCompany y @TheBridge_Tech ponen en marcha programa de formaciÃ³n tecnolÃ³gica gratuita para personas con discapacidad.

Lee mÃ¡s aquÃ­ ğŸ‘‰ https://t.co/8S1QiTK66I https://t.co/I2gFpUMUnG",1486398530243735553,1025174114535923712,2022-01-26 18:00:00+00:00,0,0,1,0
86,ACEC +,AssociacioACEC,"ğŸ“°@UniversiaES, @IndraCompany i @TheBridge_Tech signen un acord per a engegar un programa de #beques dirigit a persones amb discapacitat que compten amb estudis #STEM, als quals donaran accÃ©s a un bootcamp d'aprenentatge en Desenvolupament Web Full-stack

https://t.co/dd3G8smkNU https://t.co/kwtYcCiyBV",1485946677194371074,479678741,2022-01-25 12:04:30+00:00,0,0,1,0
87,Randall Solano | #TechUniversidad,randallsolanook,"@TheBridge_Tech @ikerarceseco Hola Iker, quisiera poder comunicarme contigo, sobre Digital Reskiling y otros hola@randallsolano.com",1485598878917439491,53319655,2022-01-24 13:02:28+00:00,0,0,0,0
88,FundaciÃ³n Universia,FUniversia,"Junto con @IndraCompany lanzamos 10 becas destinadas a la realizaciÃ³n de un #bootcamp de Desarrollo Web Full-stack en @TheBridge_Tech ğŸ’»
Estas becas estÃ¡n dirigidas a personas con #discapacidad que cuenten con formaciones #STEM 
ğŸ“…Hasta el 28/02
ğŸ“² https://t.co/ubL3GyxF4V https://t.co/UP09YF3eb9",1484480904030523394,589903453,2022-01-21 11:00:02+00:00,0,0,8,0
89,Indra,IndraCompany,"Junto a @FUniversia otorgamos 10 becas destinadas a la realizaciÃ³n de un #bootcamp de Desarrollo Web Full-stack en @TheBridge_Tech 
ğŸ’» Estas becas estÃ¡n dirigidas a personas con #discapacidad con formaciones #STEM  
ğŸ“…Hasta el 28/02 https://t.co/wYjp06QE9c https://t.co/qb8rHZOxtG https://t.co/uIIWUf5IZH",1484471502586138629,73355170,2022-01-21 10:22:41+00:00,0,0,5,0
90,diegodl,diegodl,Hoy tenemos reto de tripulaciones @TheBridge_Tech Un dÃ­a muy especial para todos! Enhorabuena a todos los alumnos que se gradÃºan hoy. https://t.co/f0nCFK8asz,1484462596065574914,12085582,2022-01-21 09:47:17+00:00,0,0,1,0
91,The Bridge,TheBridge_Tech,"Nuevo eventoğŸ¤©""La Inteligencia Artificial y la Ley: lo que hay y lo que viene"" a cargo de @rayadvd

ğŸ“†25 de enero en @TheBridge_Tech

Â¡Saca ya tus entradas!ğŸŸï¸https://t.co/EG7QBigIgJ

#ResponsibleAI #AILaw #Compliance @nodosenlared 
@josepcurto",1484117172494475265,1162694149956603904,2022-01-20 10:54:42+00:00,1,0,3,0
92,The Bridge,TheBridge_Tech,"El claustro de #DataScience de @TheBridge_Tech ha creado este ""escalofriante"" vÃ­deo haciendo uso de Inteligencia Artificial con motivo del tema del #DesafÃ­odeTripulaciones sobre la protecciÃ³n de las marcas Â¡Alumnos y famosos se mezclan en este ejercicio de #deepface! #IA ğŸ¤¯ https://t.co/3Eg8WYfV2p",1483836824279818241,1162694149956603904,2022-01-19 16:20:41+00:00,2,0,1,0
93,The Bridge,TheBridge_Tech,"Del periodismo al marketing digital ğŸ¤¸ esta es la historia de Blanca GÃ³mez y su experiencia cursando el #bootcamp de #DigitalMarketingOps en @TheBridge_Tech Â¡Dale al â–¶! 

#digitaltalent #aceleratucarrera https://t.co/sU5Ogt3xGn",1483469787078533123,1162694149956603904,2022-01-18 16:02:13+00:00,0,0,0,0
94,Mario Lopez de Avila,nodosenlared,"Ciclo de Conferencias sobre Inteligencia Artificial Responsable curso 21-22:
""La Inteligencia Artificial y la Ley: lo que hay y lo que viene"" a cargo de @rayadvd 
El 25 de enero, en @TheBridge_Tech info: https://t.co/Zyvxg8uLb0 #ResponsibleAI #AILaw #Compliance | Cc @josepcurto https://t.co/ZqomfcYZ8j",1481340966866989063,41545659,2022-01-12 19:03:03+00:00,1,0,6,0
95,Ingeniero Titiritero,ing_titiritero,Me encantarÃ­a saber que les enseÃ±an sobre estadÃ­stica en el super curso de data science de @TheBridge_Tech,1480228635294449667,183583012,2022-01-09 17:23:02+00:00,0,0,0,0
96,Carlos A. Marchena,cmarchena,"@cbusquets Hola, @TheBridge_Tech te da la opciÃ³n de pagar una vez consigues trabajo. @uxerschool tambiÃ©n te da opciones de pago. En mi opiniÃ³n son los dos top de Madrid",1479787660910768132,10045342,2022-01-08 12:10:46+00:00,0,0,4,0
97,PymesMagazine,pymesmagazine,"Â¿Quieres formarte en una de las profesiones que mÃ¡s futuro tienen en la actualidad?
Acuerdo entre @camaradesevilla y @TheBridge_Tech 
https://t.co/RyKjNHm0AE
#pymes #autonÃ³mos #emprendedores #Sevilla
#Actualidad #Noticias #NoticiasHoy",1478637395289378817,966573471663828992,2022-01-05 08:00:01+00:00,0,0,3,0
